INPUT:text1	INPUT:text2	INPUT:result	INPUT:comment	INPUT:source1	INPUT:source2	INPUT:summ_text1	INPUT:summ_text2	INPUT:main_result	INPUT:explanation_who	INPUT:explanation_what	INPUT:explanation_when	INPUT:explanation_where	INPUT:summ_with_documents_text1	INPUT:summ_with_documents_text2	GOLDEN:understood	TASK:id	TASK:overlap	TASK:assignments_count	TASK:correct_answers_percent
"Najbardziej prawdopodobny termin wyborów prezydenckich, to 28 czerwca albo 5 lipca - powiedział we wtorek 12 maja lider Porozumienia Jarosław Gowin. Zapewnił, że nowy projekt dotyczący wyborów prezydenckich ma poparcie całej Zjednoczonej Prawicy.

Zdjęcie Jarosław Gowin / Wojciech Olkuśnik /PAP

W wyborach prezydenckich 2020 r. głosowanie będzie odbywać się w lokalach wyborczych, ale będzie też możliwość głosowania korespondencyjnego - wynika z projektu przygotowanego przez klub PiS. Uchyla się w nim ustawę mówiącą, że w tegorocznych wyborach głosowanie ma być wyłącznie korespondencyjne.

Reklama

Lider Porozumienia został zapytany we wtorek w TVN24, jaki jest jego zdaniem najbardziej prawdopodobny termin wyborów prezydenckich. ""To albo 28 czerwca, albo 5 lipca. Wahałbym się przed możliwością wskazania przez panią marszałek Sejmu daty 12 lipca dlatego, że wtedy Sąd Najwyższy miałby bardzo mało czasu na orzeczenie o ważności bądź nieważności wyborów. Musimy pamiętać, że 6 sierpnia kończy się kadencja prezydenta Andrzeja Dudy i mielibyśmy do czynienia z kolejnym impasem konstytucyjnym"" - zaznaczył.

Dopytywany, zapewnił, że pod nowym projektem dotyczącym wyborów prezydenckich w 2020 roku podpisują się wszystkie trzy partie Zjednoczonej Prawicy - PiS, Porozumienie, Solidarna Polska.

""Nie wiem, czy projekt był konsultowany z ministrem Szumowskim""

""Uważam, że to są rozwiązania, które wychodzą naprzeciw wszystkim zastrzeżeniom, które zgłaszała opozycja, liczni eksperci, ale także my, politycy Porozumienia. Sądzę, że wypracowaliśmy wspólnie z Prawem i Sprawiedliwością rozwiązania, które mogą liczyć na poparcie także opozycji"" - podkreślił Gowin.

Pytany, czy również minister zdrowia Łukasz Szumowski poprze ten projekt, skoro wcześniej odradzał tradycyjne wybory i mówił, że do urn wyborczych będzie można pójść najwcześniej za dwa lata. ""Przyznam, że nie wiem, czy ten projekt był konsultowany z panem ministrem Szumowskim, ja tego nie robiłem"" - powiedział Gowin. ""Każdy minister jest politykiem, nie może kierować się wyłącznie argumentami eksperckimi, musi brać pod uwagę całokształt funkcjonowania państwa"" - zauważył

Jak zaznaczył, mamy obecnie ""pewną konieczność konstytucyjną - wybory muszą odbyć się w ciągu 60 dni od momentu ogłoszenia ich przez marszałek Sejmu Elżbietę Witek"". Gowin zaznaczył, że to zbyt krótki czas, żeby przygotować wybory w pełni korespondencyjne.

Ponadto, wskazywał Gowin, ""wyraźnie widać, że Polacy, opinia publiczna oczekuje od rządu szybszego odmrażania gospodarki, szybszego udostępniania przestrzeni publicznej, usług"". ""W tej sytuacji opory przeciwko wyborom, które odbywają się w lokalach wyborczych sądzę, że będą znacznie mniejsze - ocenił Gowin.

Wybory na nowych zasadach

Projekt PiS zakłada, że w wyborach prezydenckich 2020 r. głosowanie będzie odbywać się w lokalach wyborczych, ale będzie też możliwość głosowania korespondencyjnego. Uchyla się w nim ustawę mówiącą, że w tegorocznych wyborach głosowanie ma być wyłącznie korespondencyjne.

Zgodnie z projektem klubu PiS kandydaci zarejestrowani przez PKW w wyborach prezydenckich zarządzonych na 10 maja, po ponownym zgłoszeniu zostaną uznani za zarejestrowanych kandydatów w wyborach w kolejnym terminie, a PKW określi wzór karty do głosowania oraz wzór i rozmiar koperty na pakiet wyborczy w głosowaniu korespondencyjnym.

W niedzielę PKW podjęła uchwałę, w której stwierdziła, że w wyborach prezydenckich 10 maja brak było możliwości głosowania na kandydatów. Według PKW w związku z tym, że jest to równoznaczne w skutkach z brakiem możliwości głosowania ze względu na brak kandydatów, marszałek Sejmu w terminie 14 dni od opublikowania uchwały PKW w Dzienniku Ustaw ma zarządzić nowe wybory; muszą się one odbyć w ciągu 60 dni od dnia ich zarządzenia."	"28 червня у Польщі мають відбутися президентські вибори. Причому вони можуть виявитися унікальними. Якщо Covid-19 не відступить, вперше в історії голосування може пройти повністю у «поштовому» режимі. Обирати президента поляки мали би ще 10 травня, але через епідемію голосування тоді так і не відбулося.

Нинішній президент Анджей Дуда обіймає посаду з 2015-го. Впродовж останніх років його рейтинг стабільно високий – близько 40% підтримки. «Главком» розбирався, чи вистачить цього запасу нинішньому президентові, які шанси мають його головні конкуренти та що ці вибори можуть принести для україно-польських відносин.

Кого «скосив» коронавірус

Взяти участь у виборах в кінці червня мають майже усі претенденти, які заявили бажання позмагатися за посаду президента на початку виборчої кампанії – 5 лютого. Виняток – колишня очільниця парламенту Малгожата Кідава-Блонська, яку підтримувала найбільша опозиційна парламентська сила – «Громадянська коаліція». На старті кампанії кандидатка мала найбільшу серед опозиціонерів підтримку – 20%. Однак через епідемію коронавірусу вона запропонувала бойкотувати вибори у травні і запровадити в країні стан «стихійного лиха». Конституція каже про те, що такий стан вводиться на один місяць і може бути продовжений. В продовж цього часу, а також протягом 90 днів після його завершення вибори проводити не можна. Якщо би такий стан запровадили, вибори слід було проводити не раніше осені. Кідава-Блонська, заявляючи про бойкот виборів, розраховувала, що й інші кандидати приєднаються до її заклику і дотиснуть владу, аби та погодилася відтермінувати голосування. Та цього не сталося. В опозиційному таборі загалом підтримують ідею перенесення виборів на пізніший термін, проте на пропозицію Кідави-Блонської бойкоту ніхто не пристав. У підсумку популярна кандидатка почала стрімко втрачати підтримку. Її рейтинг впав до 5%. Під тиском «Громадянської коаліції» вона зняла свою кандидатуру. Та партія швидко знайшла заміну – мера Варшави Рафала Тшасковського.

У таборі чинного президента Анджея Дуди навпаки, наполягають на обов’язковому проведення виборів якнайшвидше. Вочевидь, провладний табір розуміє: чим довше відкладати голосування, тим більше шансів у конкурентів, враховуючи падіння економіки, яке ближче до осені посилиться. За три дні до наміченої на 10 травня дати голосування доля виборів зависла в повітрі. Адже фізично провести їх під час жорсткого карантину було майже неможливо, а переносити голосування влада усіляко відмовлялася. Тож в країні склалася унікальна ситуація: вибори не відбулися, хоча їх перенесення чи скасування не було юридично оформлене. Лише 2 червня Сейм ухвалив зміни до виборчого закону, який дозволив голосувати у змішаний спосіб, безпосередньо на дільницях або поштою. Це дало можливість перезапустити кампанію і ліквідувати правовий вакуум, в який зайшов політичний процес.

«Медичний» скандал і довіра уряду

Впродовж виборчої кампанії, розпал якою припав на карантин, опозиція наполягала на відставці уряду. Причин декілька. В середині травня поліція у Варшаві силою розігнала підприємців, які вимагають «розморозити економіку». Влада свої дії пояснює забороною масових акцій під час пандемії. Одним з організаторів протестів підприємців є кандидат у президенти Павел Танайно.

Акція протесту підприємців у Варшаві, травень 2020 року (фото: reuters)

Друга причина – «коронавірусний» скандал. Gazeta Wyborcza написала про те, що міністерство охорони здоров’я на чолі з Лукашем Шумовським закупило захисні медичні маски на 5 млн злотих у товариша урядовця, лижного інструктора Лукаша Г. із Закопане. Нібито до «оборудки» дотичний і брат міністра. Окрім того, маски начебто не відповідають стандартам. Нині прокуратура проводить розслідування. На початку червня польські ЗМІ повідомили, що міністру Шумовському надали державну охорону через sms-погрози. У Варшаві на автобусних зупинках також з’явилися постери з образливими висловлюваннями на адресу міністра.

Більшість опозиційних кандидатів в президенти хоча і не закликають виходити на акції протесту, відставку силового блоку уряду і міністра охорони здоров’я підтримують.

Та влада вирішила діяти на випередження. Глава уряду Матеуш Моравецький під час дискусій у Сеймі попросив про вотум довіри. «Якщо ви (опозиція – «Главком») маєте достатню кількість голосів, то відправте нас (уряд – «Главком») у відставку», - звернувся він до опозиціонерів. Такий хід себе виправдав. На підтримку уряду віддали свої голоси 235 депутатів правлячої «Об’єднаної правиці», проти - 219 депутатів опозиції, двоє законодавців утрималися. Опозиція програла бій, але поки що не битву...

Головні кандидати у президенти Польщі

Анджей Дуда

48 років, президент Польщі

Член партії «Право і справедливість» (PiS), яку очолює Ярослав Качинський. На виборах кандидата підтримує провладна «Об’єднана правиця», до якої входить PiS.

Його програма вирізняється консервативними обіцянками:

заборона пропаганди ЛГБТ у державних установах,

підтримка традиційної сім’ї,

заборона усиновлення дітей гомосексуальними парами,

безкоштовні ліки для пенсіонерів, старших 75 років,

неминучість покарання за домашнє насильство,

правовий захист одиноких батьків,

підтримка дистанційної роботи.

Рафал Тшасковський

48 років, мер Варшави, віцеголова партії «Громадянська платформа»

Кандидат на президентських виборах від «Громадянської коаліції» – найбільшої опозиційної сили в парламенті. Депутат Європарламенту 7-го скликання, колишній міністр адміністрації та цифровізації, секретар Міністерства закордонних справ, посол Сейму 7 скликання.

Обіцянки:

створити у містах центри розвитку, «де міський голова чи голова громади разом із мешканцями вирішуватимуть, що найбільше потрібно в даному місті»,

10 тисяч злотих «кожній сім'ї, яка докладе зусиль для боротьби за чисте повітря»,

рівні можливості жінок і чоловіків при працевлаштуванні,

безкоштовні дитсадки та ясла,

призначення незалежного генпрокурора, відокремлення його функцій від функції міністра юстиції,

запровадження ЛГБТ-картки, яка, наприклад, дозволятиме оселятися у спеціальних хостелах в разі життєвої необхідності,

заходи боротьби з посухою

Шимон Головня

43 роки. Журналіст, публіцист, письменник, телеведучий

.

Цього кандидата через його телекар’єру у Польщі часто порівнюють з Володимиром Зеленським. Головня майже повністю побудував свою кампанію на своїх досягнення в сфері волонтерської допомоги. Він засновник низки благодійних фондів, громадських організацій, які допомагають сиротинцю у Замбії, мешканцям Бангладеш, Мавританії, Руанди та інших країн. Усього фонди, до створення яких доклав руку Головня, допомагають понад 40 тис. осіб. Він є співавтором створення веб-сайту Pomocni.info, адресованого людям, що перебувають у складній життєвій ситуації.

Головня чи не єдиний кандидат, у програмі якого згадується Україна. Він обіцяє добитися створення Польсько-українського інституту соціального та історичного діалогу. Свою програму кандидат опублікував у формі книги «Бачення та особливості президентства».

Серед ключових обіцянок:

до 2050 року відмовитися від видобутку вугілля, аби 75% енергії Польща отримувала з поновлюваних джерел,

добитися, аби місцеві влади відмовилися від «зон, вільних від ЛГБТ».

Владислав Косіняк-Камиш

38 років. Представник «Польської селянської партії»

З 2015 року обіймає посаду голови популярної в провінції «Польської селянської партії» (PSP). Співзасновник молодіжного крила цієї партії. З 2011 по 2015 роки був міністром праці та соціальних питань в урядах Дональда Туска та Еви Копач.

Кандидат закликає провести деполітизацію армії, модернізувати війська задля підвищення бойових можливостей. Проводити відповідальну зовнішню політику. «Сильна Польща у Європейському Союзі» – одне з гасел кампанії кандидата.

Обіцянки:

збільшити до 6,8% ВВП асигнування охорони здоров’я, збільшити зарплати медикам,

запровадження голосування через інтернет,

ухвалення пакету законів задля усунення «хаосу у здійсненні правосуддя»,

незалежність судів,

англійську мову з першого класу у школах.

Кшиштоф Босак

38 років. Один із лідерів крайньої правої «Конфедерації свободи та незалежності»

У 2005–2006 рр. президент націоналістичної молодіжної організації «Всепольська молодь», член Сейму 5 та 9 скликань, співзасновник та один із лідерів крайньої правої «Конфедерації свободи та незалежності».

Кандидат обіцяє не підвищувати податки, закидаючи цей «гріх» основним конкурентам. «Останні 12 років правління як «Громадянської платформи», так і PiS характеризувались тривалою тенденцією до збільшення більшості податкових тягарів і зборів», - заявив він під час першої прес-конференції в статусі кандидата в президенти.

Серед обіцянок:

зниження податків на продукти харчування,

боротьба з посухою,

збільшення терміну повноваження президентського терміну до 7 років без можливості переобрання,

збільшення терміну повноважень Сейму до 5 років, натомість удвічі зменшити кількість його депутатів.

Роберт Бедронь

44 роки. Кандидат від лівих сил

Колишній мер міста Слупськ, ЛГБТ-активіст. Член Сейму 7 скликання (2011 – 2014 рр.). Він також колишній член ПАРЄ від Польщі та Конгресу місцевих та регіональних влад Ради Європи. У 2019 році заснував політичну партію «Весна». За її списками обрався до Європарламенту 26 травня 2019 року. Б’єдрон є одним із трьох лідерів «лівих» у Польщі, які заснували альянс Lewica, до якого окрім «Весни» входять «Альянс демократичних лівих» (SLD) і Lewica Razem.

Кандидат обіцяє:

мінімальну пенсію в розмірі 1600 злотих,

7,2% ВВП на охорону здоров’я,

«всі ліки за рецептом по 5 злотих»,

«мільйон дешевих квартир в оренду – максимальна вартість 20 злотих за 1 кв. м. площі»,

незалежність інститутів верховенства права,

створення дослідницького центру, у якому «найбільші польські уми, найталановитіші вчені працюватимуть над сучасними технологіями для польської армії».

Рівень підтримки інших кандидатів, Станіслава Жолтека, Марека Якубяка, Мирослава Пьотровського і Павела Танайно, соціологи відзначають в межах статистичної похибки.

Українське питання

Найбільш дружньою для України називають опозиційну партію «Громадянська платформа». Нинішній мер Варшави, а тепер і кандидат в президенти від цієї політичної сили Рафал Тшасковський, перебуваючи на посаді міського голови столиці демонстрував увагу до української громади. Так, за його керівництва містом у варшавських автоматах з продажу проїзних квитків запровадили українську мову. Тшасковський навіть допускав появу української версії деяких розділів на офіційному сайті Варшави, але справа далі не пішла. Так чи інакше, він декларує необхідність добрих відносин з Україною.

Нинішній президент Анджей Дуда також неодноразово заявляв, що підтримує повернення Україні усієї території, яку окупувала Росія. В той же час він визнає «деякі проблеми» історичного характеру між нашими державами. Очільник сусідньої держави минулого року публічно схвалив відновлення ексгумації польських поховань, які дозволила проводити Україна. Наприкінці травня Польща пішла на послаблення карантину для сезонних робітників, у тому числі з України.

Про представника «Польської селянської партії» Владислава Косіняк-Камиша промовисто говорить той факт, що його партія 3 роки тому була ініціатором подання до Сейму законопроєкту про встановлення 11 липня «Дня пам’яті жертв геноциду, здійсненого ОУН-УПА на східних кресах ІІ Речі Посполитої», який підтримали парламентарі.

Кандидат Кшиштоф Босак більш поміркований від своїх однопартійців з «Конфедерації» у висловлюваннях щодо України, але також виступає за перегляд відносин між нашими країнами, аби зробити їх жорсткішими. Він противник збільшення міграції з України, оскільки це може призвести, на його думку, до зростання конфліктів в тому числі на ґрунті історичної політики.

Соціологія

Нинішній голова держави має сталу підтримку протягом фактично усіх років президентства. Соцопитування перед запровадженням карантину показували, що він навіть міг розраховувати на перемогу у першому турі. Але коронавірус і скандали трохи похитнули позиції Дуди, та не набагато. Опитування United Surveys, проведене на замовлення Dziennik Gazeta Prawna і RMF FM, показує такий розклад під час голосування у першому турі:

Анджей Дуда – 41,2%,

Рафал Тшасковський – 27%,

Шимон Головня – 12%,

Владислав Косіняк-Камиш – 7%,

Кшиштоф Босак – 6%.

Якщо у першому турі розрив надто великий, то у другому боротьба буде запеклішою. В разі, якщо у другий тур вийде Рафал Тшасковський, він набере 44,3%, а Анджей Дуда – 44,5%. В разі виходу до другого туру Шимона Головні, розрив може зменшитися. Дуда – 43,4%, Головня – 43,1%. Якщо ж компанію Дуді у другому турі складе Косняк-Камиш, то обидва кандидати отримають по 45,3% підтримки.

Відомий ресурс politico.eu ілюструє суттєве падіння рейтингу чинного президента Анджея Дуди впродовж останніх кілька місяців на 13%. Ще у середині квітня на старті коронавірусної хвороби він сягав 57%, а нині коливається в межах 43%-44%. Проте цей рейтинг все одно вищий, ніж у конкурентів."	"{""when_same"":""partly"",""where_same"":""yes"",""who_same"":""partly""}"	Вибори президента Польщі 2020 та їх незвичайний формат через covid-19	https://web.archive.org/web/https://fakty.interia.pl/raporty/raport-wybory-prezydenckie-2020/aktualnosci/news-wybory-2020-gowin-prawdopodobny-termin-to-28-czerwca-lub-5-l,nId,4491026	http://news.google.com/articles/CBMiWmh0dHBzOi8vZ2xhdmNvbS51YS93b3JsZC9vYnNlcnZlL3ByZXppZGVudHNraS12aWJvcmktdS1wb2xzaGNoaS1odG8tcHJvdGktZHVkaS02ODYzMjMuaHRtbNIBXmh0dHBzOi8vZ2xhdmNvbS51YS9hbXAvd29ybGQvb2JzZXJ2ZS9wcmV6aWRlbnRza2ktdmlib3JpLXUtcG9sc2hjaGktaHRvLXByb3RpLWR1ZGktNjg2MzIzLmh0bWw?hl=uk&gl=UA&ceid=UA%3Auk	"KTO: Jarosław Gowin (lider Porozumienia) jest głównym aktorem artykułu, chociaż wspomniani są również inni politycy, m.in. Andrzej Duda, Elżbieta Witek, Łukasz Szumowski oraz przedstawiciele opozycji i PKW.

KIEDY: Sytuacja opisana w artykule miała miejsce we wtorek, 12 maja. Jest to dzień publikacji artykułu, w którym Jarosław Gowin ogłasza możliwe terminy wyborów prezydenckich. 

GDZIE: Wydarzenia opisane w tekście miały miejsce w Polsce. Konkretnie chodzi o rozmowę z Jarosławem Gowinem w TVN24, a także działania związane z organizacją wyborów prezydenckich.

CO: Jarosław Gowin ogłasza, że wybory prezydenckie najprawdopodobniej odbędą się 28 czerwca lub 5 lipca. Gowin podkreśla, że nowy projekt wyborów popiera cała Zjednoczona Prawica. Projekt przygotowany przez klub PiS zakłada, że wybory będą odbywać się w lokalach wyborczych, ale będzie też możliwość głosowania korespondencyjnego. Uchyla też ustawę, która zakładała wyłącznie korespondencyjne wybory. 

Lider Porozumienia podkreśla, że nie wie, czy projekt był konsultowany z ministrem zdrowia Łukaszem Szumowskim. Zwraca uwagę na zbyt krótki czas na przygotowanie wyborów wyłącznie korespondencyjnych. Gowin uważa też, że Polacy oczekują szybszego odmrażania gospodarki i udostępniania przestrzeni publicznej. 

Artykuł opisuje również, że projekt PiS zakłada, iż kandydaci zarejestrowani w wyborach zarządzonych na 10 maja, będą uznani za zarejestrowanych w kolejnych wyborach. PKW ma również określić wzór karty do głosowania oraz koperty na pakiet wyborczy w głosowaniu korespondencyjnym."	"ХТО: Головними дійовими особами є нинішній президент Польщі Анджей Дуда та його конкуренти на майбутніх президентських виборах: Рафал Тшасковський, Шимон Головня, Владислав Косіняк-Камиш, Кшиштоф Босак та Роберт Бедронь. 

КОЛИ: Президентські вибори в Польщі мають відбутись 28 червня 2020 року. Вибори були заплановані на 10 травня, але через пандемію коронавірусної хвороби їх було перенесено. 

ДЕ: Події відбуваються в Польщі. 

ЩО: На президентських виборах у Польщі чинному президенту Анджею Дуді протистоятимуть ще п'ятеро кандидатів. Найбільше шансів на перемогу, за результатами соцопитувань, в нинішнього президента та мера Варшави Рафала Тшасковського. Через пандемію COVID-19 вибори можуть пройти у незвичній для поляків поштовій формі. 

Опозиційні кандидати критикують владу за її дії під час епідемії та вимагають відставки уряду. Натомість провладний табір наполягає на проведенні виборів якомога швидше, аби скористатися зі свого нинішнього високого рейтингу. 

Серед головних кандидатів лише Рафал Тшасковський демонструє дружнє ставлення до України та її громади в Польщі. Натомість інші кандидати, зокрема і чинний президент, також визнають проблеми у двосторонніх відносинах історичного характеру."	somewhat_related	Із загальних Дуда, Шумовський, партія Право і справедливість	В обох статтях зачіпається конкретна тема вище, навіть з урахуванням того, що стаття українською більше загалом про кандидатів	Можна зрозуміти, що все відбувається в межах одного місяця, бо одна стаття загалом про кандидатів на виборах, і в неї можна взяти її дату за дату події (11 червня, 2020), а в іншій прямо написано, що події відбуваються 12 травня 2020 року.	Оскільки обидві статті про вибори в Польщі, то місця подій збігаються.	"KTO: Głównym aktorem artykułu jest Jarosław Gowin, lider partii Porozumienie, która jest częścią Zjednoczonej Prawicy. Mówi on o projekcie przygotowanym przez klub Prawa i Sprawiedliwości (PiS), którego celem jest organizacja wyborów prezydenckich. 

KIEDY: Sytuacja opisana w artykule miała miejsce we wtorek, 12 maja. Wówczas to Jarosław Gowin ogłosił, że wybory prezydenckie najprawdopodobniej odbędą się 28 czerwca lub 5 lipca.

GDZIE: Wydarzenia opisane w artykule mają miejsce w Polsce. Lider partii Porozumienie udziela wywiadu stacji TVN24 oraz rozmawia z dziennikarzami agencji PAP. 

CO: Artykuł opisuje sytuację wokół wyborów prezydenckich w Polsce w 2020 roku. Początkowo planowane były one na 10 maja, jednak nie odbyły się one z powodu brak możliwości głosowania na kandydatów. Według prawa, marszałek Sejmu ma teraz 14 dni na ogłoszenie nowych wyborów, które muszą odbyć się w ciągu 60 dni od ogłoszenia decyzji. 

Jarosław Gowin ogłasza, że wybory będą się prawdopodobnie odbywały w lokalach wyborczych, ale będzie też możliwość głosowania korespondencyjnego. Podkreśla, że projekt ma poparcie całej Zjednoczonej Prawicy, ale nie wie, czy został konsultowany z ministrem zdrowia Łukaszem Szumowskim. Gowin zaznacza, że wybory muszą się odbyć w ciągu 60 dni od ogłoszenia ich przez marszałek Sejmu Elżbietę Witek, co oznacza pośpiech w przygotowaniach. Dodaje również, że społeczeństwo oczekuje odmrożenia gospodarki i szybszego powrotu do normalności, przez co opór przed wyborami w lokalach wyborczych będzie mniejszy."	"ХТО: Основною дійовою особою є нинішній президент Польщі Анджей Дуда, який бере участь у президентських виборах. Його основними конкурентами є Рафал Тшасковський, мер Варшави та кандидат від опозиційної партії ""Громадянська платформа""; Шимон Головня, журналіст та благодійник; Владислав Косіняк-Камиш від ""Польської селянської партії""; та Кшиштоф Босак, лідер крайньої правої ""Конфедерації свободи та незалежності"".

КОЛИ: Вибори повинні були відбутися 10 травня, але не відбулися через епідемію коронавірусу. Голосування планують провести 28 червня.

ДЕ: Події відбуваються у Польщі.

ЩО: У Польщі заплановані президентські вибори, але вони можуть бути унікальними, оскільки через епідемію Covid-19 їх може провести повністю в поштовому режимі. Нинішній президент Анджей Дуда має намір Обратися на цю посаду, але його рейтинги дещо знизилися через епідемію коронавірусу та пов'язані з нею скандали. Його основними конкурентами є Рафал Тшасковський, який демонстрував увагу до української громади; Шимон Головня, який будує свою кампанію на волонтерській діяльності та підтримці України; Владислав Косіняк-Камиш, який закликає до деполітизації армії та модернізації військ; та Кшиштоф Босак, який є противником збільшення міграції з України. Опозиція вимагає відставки уряду через його дії під час пандемії та корупційний скандал із закупівлею медичних масок, але влада утримується від відставки та наполягає на проведенні виборів якнайшвидше."	true	000290929b--667027d4dcb24447d0c5a263	infinite	13	69.23077
"Епідемія коронавірусної інфекції, що розпочалася наприкінці 2019 року в Китаї, у січні 2020 року була оголошена ВООЗ надзвичайною ситуацією міжнародного значення у сфері охорони здоровʼя.

Захворювання COVID-19 спричинюється коронавірусом SARS-CoV-2, раніше відомим як 2019-nCoV, що належить до великої групи коронавірусів.

Після поширення епідемії на інші країни її було в березні 2020 року оголошено пандемією. Багато країн пішли на безпрецедентні карантинні заходи, що позначилися на світовій економіці та житті людей. Запроваджувалися локдауни та масковий режим, закривалися кордони, переривалося авіасполучення між країнами.

Радіо Свобода у цьому блозі – з початку виникнення коронавірусної небезпеки – публікує статистику, репортажі з лікарень, історії хворих, коментарі і рекомендації фахівців щодо протидії коронавірусній пандемії в Україні і світі.

За даними ВООЗ, жертвами захворювання від початку пандемії стали майже 20 мільйонів людей. Йдеться про всі смерті, повʼязані з інфекцією. За офіційними даними, інформацію про які збирав американський інститут Джонса Гопкінса, сама коронавірусна інфекція (без загострення супутніх захворювань) стала причиною смерті близько 7 мільйонів людей.

Масова вакцинація різко скоротила смертність і врешті зупинила пандемію.

В Україні перехворіло майже 5 мільйонів людей, понад 105 тисяч із них померли.

5 травня 2023 року Всесвітня організація охорони здоровʼя ухвалила рішення, що поширення коронавірусної інфекції типу COVID-19 вже не є надзвичайною ситуацією міжнародного значення."	"W środę po południu Ministerstwo Zdrowia poinformowało o kolejnych 73 przypadkach zakażenia koronawirusem. Łączna liczba potwierdzonych przypadków zakażenia wirusem wynosi aktualnie 2420. Poinformowano także o śmierci kolejnej osoby – do tej pory w Polsce z powodu choroby COVID-19 zmarło 36 osób.

Resort zdrowia potwierdził w środę po południu nowe 73 przypadki zakażenia koronawirusem oraz poinformował o kolejnym zgonie z powodu choroby COVID-19. Aktualny bilans wygląda następująco: 2420 osoby zakażone i 36 ofiar śmiertelnych.

Zobacz także: Polska firma zacznie sprzedaż szybkich testów na koronawirusa

„Mamy 73 nowe przypadki zakażenia koronawirusem, potwierdzone pozytywnym wynikiem testów laboratoryjnych. Potwierdzone przypadki dotyczą: 20 osób z woj. dolnośląskiego, 13 osób z woj. łódzkiego, 9 osób z woj. małopolskiego, 8 osób z woj. podlaskiego, 5 osób z woj. świętokrzyskiego, 5 osób z woj. podkarpackiego, 5 osób z woj. lubuskiego, 3 osób z woj. zachodniopomorskiego, 3 osób z woj. opolskiego, 2 osób z woj. pomorskiego” – czytamy w komunikacie ministerstwa.

Poinformowano także o kolejnym przypadku śmiertelnym. „Z przykrością informujemy o śmierci kolejnej osoby zakażonej koronawirusem. Jest to 51-letni mężczyzna hospitalizowany w Tychach” – podał resort.

(3/3) Jednocześnie z przykrością informujemy o śmierci kolejnej osoby zakażonej koronawirusem. Jest to 51-letni mężczyzna hospitalizowany w Tychach. W sumie liczba zakażonych koronawirusem: 2420/36 (wszystkie pozytywne przypadki/w tym osoby zmarłe). — Ministerstwo Zdrowia (@MZ_GOV_PL) April 1, 2020

We wtorek premier Mateusz Morawiecki ogłosił wprowadzenie kolejnych obostrzeń w związku z rozprzestrzenianiem się w Polsce epidemii koronawirusa. „Musimy zrobić wszystko, żeby uniknąć najgorszego scenariusza. Dlatego, w wyniku naszych obserwacji i analiz, podjęliśmy kolejne decyzje dotyczące następnych obostrzeń” – oświadczył szef rządu podczas konferencji prasowej.

W mocy nadal pozostają ograniczenia w przemieszczaniu się wszystkich osób. W dalszym ciągu nie można wychodzić z domu z wyjątkiem: dojazdu do pracy, wolontariatu na rzecz walki z COVID-19 oraz załatwiania spraw niezbędnych do życia codziennego.

Zobacz także: Zobacz także: Światowa rewolucja koronawirusa

Twitter MZ / Kresy.pl"	"{""who_same"":""no"",""when_same"":""incomparable"",""where_same"":""no""}"	Якщо одна стаття про ковід загалом, від того, як він виник і став вважатися епідемією, і до його виключення з рангу надзвичайних ситуацій, то в іншій пишуть конкретно про нові захворювання в Польщі згідно з їхнім Міністерством охорони здоров'я на початку епідемії covid-19, тобто одне - про всі три роки, інше - про конкретні числові дані, загальна тема надто широка	http://news.google.com/articles/CBMiLGh0dHBzOi8vd3d3LnJhZGlvc3ZvYm9kYS5vcmcvYS8zMDQ2NjEwMS5odG1s0gEA?hl=uk&gl=UA&ceid=UA%3Auk	https://web.archive.org/web/https://kresy.pl/wydarzenia/ministerstwo-zdrowia-wzrost-liczby-zakazen-koronawirusem-w-polsce-kolejna-ofiara-smiertelna/	"ХТО: ВООЗ, Radio Svoboda та фахівці з різних країн світу.

КОЛИ: З кінця 2019 по 2023 рік.

ДЕ: По всьому світу, але переважно в Китаї, де й почалася епідемія, та в Україні, де також були зафіксовані випадки захворювання.

ЩО: Епідемія коронавірусу, оголошена ВООЗ надзвичайною ситуацією міжнародного значення, вплинула на життя людей та економіку по всьому світу. Коронавірусна інфекція COVID-19, спричинена вірусом SARS-CoV-2, призвела до глобальної пандемії з мільйонами інфікованих та загиблих. Багато країн запровадили карантинні заходи, у тому числі локдауни та масковий режим. Radio Svoboda відстежувало статистику захворювання, розповідало історії хворих та публікувало поради фахівців. ВООЗ повідомила про майже 20 мільйонів жертв пандемії, а за офіційними даними, від коронавірусу померло близько 7 мільйонів людей. Масова вакцинація допомогла зупинити пандемію, через що ВООЗ у травні 2023 року зняла статус надзвичайної ситуації."	"KTO: Głównym aktorem w artykule jest Ministerstwo Zdrowia, które publikuje komunikaty o nowych przypadkach zakażenia koronawirusem oraz kolejnych zgonach z powodu choroby COVID-19.

KIEDY: Sytuacja opisana w artykule miała miejsce w środę, kiedy to ministerstwo poinformowało o kolejnych 73 zakażeniach oraz jednym zgonie.

GDZIE: Wszystkie opisane wydarzenia miały miejsce w Polsce, głównie w ministerstwie, ale także w różnych częściach kraju, gdzie wykryto nowe przypadki zakażenia (m.in. dolnośląskie, łódzkie, małopolskie, podlaskie).

 CO: Ministerstwo Zdrowia podało, że w środę wykryto 73 nowe zakażenia koronawirusem, w wyniku czego ogólna liczba osób zakażonych wzrosła do 2420. Ponadto poinformowano o śmierci 51-letniego mężczyzny hospitalizowanego w Tychach, który jest 36. ofiarą śmiertelną choroby COVID-19 w Polsce. Resort nadal apeluje o pozostanie w domach i wprowadza kolejne obostrzenia w ruchu oraz codziennym życiu, aby powstrzymać rozprzestrzenianie się wirusa. W artykule wspomniano również o polskiej firmie, która wkrótce zacznie sprzedaż szybkich testów na koronawirusa."	different	В одній статті йдеться про ВООЗ і багато інших країн та їхні міністерства здоров'я, але не про польське, про яке йдеться в другій	Теми різні (вказані вище), незважаючи на те, що обидві статті про covid-19, але сама по собі це занадто широка тема	Неможливо порівняти, оскільки в статті про ковід вказано період майже в 4 роки, а в статті про ковід у Польщі немає дат	У тексті статті про covid-19 не згадується Польща, мова про яку йде в другій статті	"ХТО: Основною дійовою особою є коронавірус SARS-CoV-2, а другорядними — люди, життя яких вплинула на епідемію, зокрема ті, хто захворів на COVID-19, та медики, що боролися за життя пацієнтів.

КОЛИ: Епідемія розпочалася на кінець 2019 року, у січні 2020-го Всесвітня організація охорони здоров'я визнала її надзвичайною ситуацією у сфері охорони здоров'я, а в березні того ж року епідемію оголошено пандемією. 5 травня 2023 року поширення коронавірусу вже не вважалося надзвичайною ситуацією міжнародного рівня.

ДЕ: Основним місцем дії є Україна, хоча згадуються також інші країни, до яких spread епідемія.

ЩО: У січні 2020 року Всесвітня організація охорони здоров'я оголосила надзвичайною ситуацією міжнародного значення епідемію коронавірусної інфекції, спричинену коронавірусом SARS-CoV-2. Через поширення вірусу на інші країни світ оголосив пандемію. В Україні на коронавірус перехворіло близько 5 мільйонів людей, а загинуло — понад 105 тисяч. Всесвітня організація охорони здоров'я припинила вважати поширення коронавірусу надзвичайною ситуацією через масову вакцинацію, яка скоротила смертальність."	"KTO: Głównym aktorem wymienionym w artykule jest Ministerstwo Zdrowia, które publikuje komunikaty dotyczące liczby zakażonych koronawirusem oraz ofiar śmiertelnych. W tekście wymienione są również inne podmioty, m.in. firma zajmująca się sprzedażą szybkich testów na koronawirusa, Twitter MZ oraz Kresy.pl.

KIEDY: Sytuacja opisana w artykule miała miejsce w środę, kiedy to Ministerstwo Zdrowia informuje o kolejnych 73 zakażeniach koronawirusem oraz śmierci kolejnej osoby chorej na COVID-19. Data publikacji komunikatu to 1 kwietnia 2020 roku.

GDZIE: W artykule nie ma dokładnej informacji kiedy i gdzie dokładnie doszło do zakażeń. Mówi się jedynie o przypadku śmierci 51-letniego mężczyzny hospitalizowanego w Tychach.
W komunikacie ministerstwa wymienione są natomiast województwa, z których pochodzą osoby, u których potwierdzono zakażenie: dolnośląskie, łódzkie, małopolskie, podlaskie, świętokrzyskie, podkarpackie, lubuskie, zachodniopomorskie, opolskie oraz pomorskie.

CO: Artykuł prasowy przedstawia komunikat Ministerstwa Zdrowia na temat epidemii koronawirusa w Polsce. Informuje on o kolejnych 73 zakażeniach oraz śmierci 51-letniego mężczyzny, hospitalizowanego w Tychach. Podano również aktualny bilans epidemii: 2420 zakażonych oraz 36 ofiar śmiertelnych. W tekście wymienione są ograniczenia w przemieszczaniu się obywateli oraz zapowiedziane zostały kolejne obostrzenia wprowadzone przez rząd w celu powstrzymania epidemii. Jednym z punktów komunikatu jest także informacja, że polska firma wkrótce rozpocznie sprzedaż szybkich testów na koronawirusa."	true	000290929b--667027d4dcb24447d0c5a265	infinite	15	93.333336
"Рибальські громади на півночі Італії борються з навалою блакитних крабів, які полюють на місцевих молюсків і становлять загрозу для ролі країни як одного з провідних світових виробників цих морепродуктів.

Як пише ""Європейська правда"", про це йдеться в публікації The Guardian.

За даними рибальської асоціації Fedagripesca-Confcooperative, блакитні краби вже завдали Італії економічних збитків на суму близько 100 мільйонів євро та з'їли до 90% молодих молюсків у дельті річки По, заподіявши значної шкоди їхньому вирощуванню в майбутньому.

Photograph: Piero Cruciatti/AFP/Getty Images

Як заявив губернатор області Емілія-Романья Стефано Боначчіні, нашестя блакитних крабів ""ставить під загрозу життя тисяч сімей і підприємств"" та ризикує зруйнувати економіку, яка ""забезпечує існування громади"".

Рибальським громадам у постраждалих регіонах рекомендували виловлювати якнайбільше блакитних крабів. Тільки у регіоні Венето цьогоріч їх виловили вже близько 326 тонн, з них 84 тонни – в місті Скардовар тільки за серпень.

Уряд Італії виділив 2,9 мільйона євро рибальським кооперативам для контролю популяції крабів, а паралельно заохочує італійців споживати більше крабового м’яса.

На узбережжі Північної та Південної Америки, звідки походять блакитні краби, вони є важливим джерелом їжі для природних хижаків, як-то скатів і акул, та на півночі Італії цих хижаків немає, тож краб розмножується без обмежень, знищуючи місцеву фауну.

Експерти вважають, що блакитний краб потрапив до Італії після того, як він випадково потрапляв на великі вантажні судна під час збору баластної води, яку використовують для забезпечення своєї остійності.

Минулого тижня ми розповідали про нашестя диких кабанів в Італії, через яке італійський уряд наказав їх відстрілювати, зокрема з використанням луків і стріл, і дозволив потім з'їсти вбити тварин."	"Bonaccini uzyskał w wyborach 51,4 proc. poparcia, podczas gdy jego rywal, popierany przez Ligę, zdobył 43,7 proc. głosów.

Wynik ten oznacza, że Salviniemu nie udało się ""odbić"" Emilii Romanii rządzonej przez centrolewicę.

Zwycięstwo centrolewicowego kandydata jest sukcesem współrządzącej krajem Partii Demokratycznej, której politykiem jest dotychczasowy gubernator.

Wielkim przegranym wyborów jest jednak nie Liga, a druga z partii rządzących Włochami, Ruch Pięciu Gwiazd, który zdobył w lokalnych wyborach zaledwie 3,5 proc. głosów. Tak słaby wynik Ruchu Pięciu Gwiazd może osłabić pozycję tej partii w rządzie Giuseppe Conte (to polityk bezpartyjny, powiązany jednak z Ruchem Pięciu Gwiazd).

Salvini mówiąc o wyniku wyborów w Emilii Romanii zwrócił uwagę, że kandydat centroprawicy i tak poradził sobie dobrze w regionie, który od dziesięcioleci był bastionem lewicy.

Salvini osobiście zaangażował się w kampanię kandydata prawicy w tym regionie - zauważa AP. Agencja dodaje, że doszło do sytuacji, w której sam kandydat znalazł się w cieniu Salviniego.

Po wyborach z 2018 roku Salvini i jego Liga tworzyli rząd z Ruchem Pięciu Gwiazd. Rząd ten upadł jednak w połowie 2019 roku po tym jak Salvini - którego Liga znalazła się na czele sondaży - wyszedł z koalicji chcąc doprowadzić do przedterminowych wyborów. Wtedy w miejsce koalicji Ruchu Pięciu Gwiazd z Ligą pojawiła się koalicja centrolewicowej Partii Demokratycznej z Ruchem Pięciu Gwiazd."	"{""where_same"":""partly"",""who_same"":""partly"",""when_same"":""no""}"	Хоча обидві події відбуваються в Італії, але в одній статті борються з блакитними крабами, які негативно впливають на економіку, а в іншій - кандидат від партії Сальвіні програв у виборах на губернатора області Емілія-Романья	http://news.google.com/articles/CBMiO2h0dHBzOi8vd3d3LmV1cm9pbnRlZ3JhdGlvbi5jb20udWEvbmV3cy8yMDIzLzA4LzIyLzcxNjgwMzQv0gEA?hl=uk&gl=UA&ceid=UA%3Auk	https://web.archive.org/web/https://www.rp.pl/Polityka/200129400-Wlochy-Salvini-przegrywa-wybory-w-Emilii-Romanii.html	"ХТО: Рибальські громади півночі Італії та блакитні краби, що завдають їм шкоди.

КОЛИ: Шкода, завдану блакитними крабами, оцінюють в 100 мільйонів євро, і вони вже з'їли 90% молодих молюсків. У 2023 році тільки у регіоні Венето виловили 326 тонн цих крабів. 

ДЕ: Події відбуваються на півночі Італії, зокрема в дельті річки По та регіоні Венето.

ЩО: Італійські рибалки стикаються з проблемою надмірної популяції блакитних крабів, які знищують місцеву фауну та завдають значної шкоди рибальським громадам. В результаті економіці країни завдано збитків на мільйони євро. Уряд Італії відреагував на ситуацію фінансуванням для рибальських кооперативів та заохоченням споживання крабового м'яса. Вважають, що ці краби потрапили до Італії випадково, на великих вантажних суднах. Це вже не перша екологічна проблема Італії - минулого тижня уряд дозволив відстрілювати диких кабанів, які також завдають шкоди місцевій екосистемі."	"KTO: Głównym aktorem artykułu jest Matteo Salvini, polityk należący do Ligi, którego wysiłki w wyborach regionalnych w Emilii Romanii zostały opisane. Drugoplanowymi aktorami są kandydaci w wyborach: Stefano Bonaccini z Partii Demokratycznej, który wygrał, oraz rywal popierany przez Ligę, którego imienia artykuł nie wspomina.

KIEDY: Artykuł koncentruje się na wyborach regionalnych w Emilii Romanii, które miały miejsce w połowie 2019 roku.

GDZIE: Wszystkie wydarzenia opisane w artykule miały miejsce w Emilii Romanii, regionie Włoch.

CO: Artykuł omawia wynik wyborów regionalnych w Emilii Romanii, w których Stefano Bonaccini uzyskał większość głosów, pokonując kandydata popieranego przez Ligę. Zwycięstwo to jest sukcesem dla centrolewicowej Partii Demokratycznej i ciosem dla Ruchu Pięciu Gwiazd, którego wynik był słaby. Matteo Salvini, zaangażowany osobiście w kampanię kandydata prawicy, nie udało się odebrać kontroli nad regionem, który od dziesięcioleci była bastionem lewicy. Jego zaangażowanie przyćmiło samego kandydata. Wybory te miały znaczący wpływ na włoski rząd, ponieważ mogą osłabić pozycję Ruchu Pięciu Gwiazd, którego słaby wynik może zakłócić stabilność koalicji z Partią Demokratyczną. Salvini, dążąc do przedterminowych wyborów, przyczynił się do upadkie poprzedniego rządu, który tworzyła Liga z Ruchem Pięciu Gwiazd."	different	Як не дивно, але в обох статтях згадується Боначчіні - губернатор області Емілія-Романія	Новини на абсолютно різні теми, описані вище	Уже за датами новин можна зрозуміти, що події відбулися в різні роки	У статті про крабів згадано більше областей в Італії 	"ХТО: Головними героями новини є рибалки з півночі Італії та блакитні краби, що загрожують місцевій екосистемі та економіці.

КОЛИ: Вказаних подій відбувається в сучасний час.

ДЕ: Події розгортаються на півночі Італії, зокрема в області Емілія-Романья та регіоні Венето, а також на  узбережжі Північної та Південної Америки.

ЩО: На півночі Італії спостерігається нашестя блакитних крабів, які завдають значної шкоди місцевій екосистемі, оскільки не мають природних хижаків. Рибальські громади борються з цією проблемою, а уряд країни виділив 2,9 мільйона євро на контроль популяції цих ракоподібних. Блакитні краби знищують молюсків, через що Італія зазнає економічних збитків у вирощуванні морепродуктів. За оцінками рибальської асоціації, збитки сягають близько 100 мільйонів євро. Уряд намагається вирішити проблему, заохочуючи споживання крабового м'яса та виділяючи кошти на боротьбу з цією небезпечною інвазійною видом."	"KTO: Głównym bohaterem artykułu jest Stefano Bonaccini, który wygrał wybory w Emilii Romagni, oraz Matteo Salvini, którego partia poniosła porażkę w tych wyborach. 

KIEDY: Wybory odbyły się w 2018 roku, natomiast ich wyniki zostały ogłoszone w 2019 roku.

GDZIE: Akcja artykułu ma miejsce w Emilii Romagni, regionie we Włoszech, który od dziesięcioleci był bastionem lewicy.

CO: W artykule opisane są konsekwencje wyborów w Emilii Romagni dla włoskiej polityki. Centrolewicowy kandydat Stefano Bonaccini wygrał wybory, co jest sukcesem dla Partii Demokratycznej. Jego rywal, popierany przez Mattea Salviniego, uzyskał wynik 43,7%. Choć na pierwszy rzut oka może się wydawać, że wynik ten jest dobry, w rzeczywistości oznacza porażkę dla partii Salvini'ego - Ligi. Wybory te są szczególnie ważne, ponieważ Emilia Romagna od dziesięcioleci była bastionem lewicy. 
Zwycięstwo Bonacciniego jest porażką dla rządzącego Ruchu Pięciu Gwiazd. Jego słaby wynik, równy 3,5%, może osłabić pozycję tej partii w rządzie i wpłynąć na utratę wpływów w całym kraju. Salvini zaangażował się osobiście w kampanię przedwyborczą, jednak jak się wydaje, zamiast wspierać kandydata, przyćmił go swoją osobą. 
Upadienie koalicji Ruchu Pięciu Gwiazd z Ligą doprowadziło do powstania sojuszu Partii Demokratycznej z Ruchem Pięciu Gwiazd."	true	000290929b--667027d4dcb24447d0c5a267	infinite	14	92.85714
